id,title,description,url,createdAt,updatedAt,folder
2,桜の風景,春の桜が咲き誇る美しい,photo_1.jpg,2025-05-16 23:10:49.000,2025-05-16 23:10:49.000,images
3,祭りの風景,夏祭りの賑やかな雰囲,photo_10_夏祭りの賑やかな雰囲.jpg,2025-05-16 23:10:49.000,2025-05-16 23:11:15.000,images
4,新緑の山々,春の山々に広がる新緑,photo_11.jpg,2025-05-16 23:10:49.000,2025-05-16 23:10:49.000,images
5,海の青さ,沖縄の美しい海の風景,photo_12_沖縄の美しい海の風景.jpg,2025-05-16 23:10:49.000,2025-05-16 23:10:49.000,images
6,古い町並み,歴史を感じる古い町並みの風景,photo_13.jpg,2025-05-16 23:10:49.000,2025-05-16 23:10:49.000,images
7,高原の花,高原に咲く可憐な花々,photo_14_高原に咲く可憐な花々.jpg,2025-05-16 23:10:49.000,2025-05-16 23:10:49.000,images
8,渓谷の流れ,清らかな渓流の風景,photo_15_清らかな渓流の風景.jpg,2025-05-16 23:10:49.000,2025-05-16 23:10:49.000,images
9,城下町,歴史を感じる城下町の風景,photo_16.jpg,2025-05-16 23:10:49.000,2025-05-16 23:10:49.000,images
10,山の稜線,朝日に輝く山の稜線,photo_17_朝日に輝く山の稜線.jpg,2025-05-16 23:10:49.000,2025-05-16 23:10:49.000,images
11,湖の静けさ,静かに佇む湖の風景,photo_18_静かに佇む湖の風景.jpg,2025-05-16 23:10:49.000,2025-05-16 23:10:49.000,images
12,夕暮れの街,夕暮れに染まる街の風景,photo_19_夕暮れに染まる街の風.jpg,2025-05-16 23:10:49.000,2025-05-16 23:10:49.000,images
13,富士山の朝焼け,朝日に染まる富士山の雄大な姿,photo_2_朝日に染まる富士山の.jpg,2025-05-16 23:10:49.000,2025-05-16 23:10:49.000,images
14,竹林の小径,京都の美しい竹林の散策路,photo_3_京都の美しい竹林の散.jpg,2025-05-16 23:10:49.000,2025-05-16 23:10:49.000,images
15,紅葉の庭園,秋の紅葉に彩られた日本庭園,photo_4_秋の紅葉に彩られた日.jpg,2025-05-16 23:10:49.000,2025-05-16 23:10:49.000,images
16,山間の温泉,山々に囲まれた静かな温泉地,photo_5_山々に囲まれた静かな.jpg,2025-05-16 23:10:49.000,2025-05-16 23:10:49.000,images
17,田園風景,日本の美しい田園風景,photo_6_日本の美しい田園風景.jpg,2025-05-16 23:10:49.000,2025-05-16 23:10:49.000,images
18,都市の夜景,東京タワーから見下ろす夜景,photo_7_東京タワーから見下ろ.jpg,2025-05-16 23:10:49.000,2025-05-16 23:10:49.000,images
19,古都の街並み,奈良の歴史的な町家の風景,photo_8_奈良の歴史的な町家の.jpg,2025-05-16 23:10:49.000,2025-05-16 23:10:49.000,images
20,海辺の夕暮れ,波打ち際で輝く夕陽,photo_9.jpg,2025-05-16 23:10:49.000,2025-05-16 23:10:49.000,images
21,山間の温泉,山々に囲まれた静かな温泉地,山間の温泉.jpg,2025-05-16 23:10:49.000,2025-05-16 23:10:49.000,images
22,猫,こんにちは,cat.jpg,2025-05-16 23:10:49.000,2025-05-16 23:10:49.000,images2
